"first_name,last_name,dob,gender"
"Michael,Smith,1968-10-24,Male"
"Christopher,Williams,1990-03-15,Male"
"Jessica,Brown,1985-12-01,Female"
"Matthew,Jones,2001-07-22,Male"
"Ashley,Garcia,1995-05-30,Female"
"Jennifer,Miller,1972-01-18,Female"
"Joshua,Davis,1988-09-05,Male"
"David,Rodriguez,1999-11-11,Male"
"Amanda,Martinez,1983-06-25,Female"
"James,Hernandez,1976-04-12,Male"
"Robert,Lopez,1992-02-28,Male"
"John,Gonzalez,2005-08-17,Male"
"Mary,Wilson,1965-10-03,Female"
"Patricia,Anderson,1994-01-09,Female"
"Linda,Thomas,1981-07-07,Female"
"Barbara,Taylor,1977-03-21,Female"
"Elizabeth,Moore,1998-06-14,Female"
"Daniel,Jackson,1989-12-30,Male"
"Paul,Martin,1970-02-19,Male"
"Mark,Lee,2010-04-05,Male"
"l,Smith,1968-10-24,Male"
"Christopher,Williams,1990-03-15,Male"
"Jessica,Brown,1985-12-01,Female"
"Matthew,Jones,2001-07-22,Male"
"Ashley,Garcia,1995-05-30,Female"
"Jennifer,Miller,1972-01-18,Female"
"Joshua,Davis,1988-09-05,Male"
"David,Rodriguez,1999-11-11,Male"
"Amanda,Martinez,1983-06-25,Female"
"James,Hernandez,1976-04-12,Male"
"Robert,Lopez,1992-02-28,Male"
"John,Gonzalez,2005-08-17,Male"
"Mary,Wilson,1965-10-03,Female"
"Patricia,Anderson,1994-01-09,Female"
"Linda,Thomas,1981-07-07,Female"
"Barbara,Taylor,1977-03-21,Female"
"Elizabeth,Moore,1998-06-14,Female"
"Daniel,Jackson,1989-12-30,Male"
"Paul,Martin,1970-02-19,Male"
"Mark,Lee,2010-04-05,Male"
"Richard,Johnson,1955-06-12,Male"
"Susan,Clark,1982-11-09,Female"
"Joseph,Lewis,2002-01-28,Male"
"Karen,Walker,1969-08-14,Female"
"Charles,Hall,1993-04-02,Male"
"Nancy,Allen,1987-09-19,Female"
"Thomas,Young,1974-05-23,Male"
"Lisa,King,1996-02-11,Female"
"Steven,Wright,1980-12-05,Male"
"Betty,Scott,1963-03-29,Female"
"Brian,Green,2008-10-16,Male"
"Dorothy,Adams,1959-07-08,Female"
"Kevin,Baker,1991-06-18,Male"
"Sandra,Nelson,1979-01-31,Female"
"George,Carter,1984-08-22,Male"
"Donna,Mitchell,1997-12-04,Female"
"Edward,Perez,2004-03-14,Male"
"Carol,Roberts,1966-11-26,Female"
"Ronald,Turner,1971-09-01,Male"
"Ruth,Phillips,1986-05-13,Female"
"Jason,Campbell,2000-02-27,Male"
"Sharon,Parker,1973-10-15,Female"
"Jeffrey,Evans,1995-07-20,Male"
"Michelle,Edwards,1983-04-18,Female"
"Ryan,Collins,2012-01-01,Male"
"l,Smith,1968-10-24,Male"
"Christopher,Williams,1990-03-15,Male"
"Jessica,Brown,1985-12-01,Female"
"Matthew,Jones,2001-07-22,Male"
"Ashley,Garcia,1995-05-30,Female"
"Jennifer,Miller,1972-01-18,Female"
"Joshua,Davis,1988-09-05,Male"
"David,Rodriguez,1999-11-11,Male"
"Amanda,Martinez,1983-06-25,Female"
"James,Hernandez,1976-04-12,Male"
"Robert,Lopez,1992-02-28,Male"
"John,Gonzalez,2005-08-17,Male"
"Mary,Wilson,1965-10-03,Female"
"Patricia,Anderson,1994-01-09,Female"
"Linda,Thomas,1981-07-07,Female"
"Barbara,Taylor,1977-03-21,Female"
"Elizabeth,Moore,1998-06-14,Female"
"Daniel,Jackson,1989-12-30,Male"
"Paul,Martin,1970-02-19,Male"
"Mark,Lee,2010-04-05,Male"
"Richard,Johnson,1955-06-12,Male"
"Susan,Clark,1982-11-09,Female"
"Joseph,Lewis,2002-01-28,Male"
"Karen,Walker,1969-08-14,Female"
"Charles,Hall,1993-04-02,Male"
"Nancy,Allen,1987-09-19,Female"
"Thomas,Young,1974-05-23,Male"
"Lisa,King,1996-02-11,Female"
"Steven,Wright,1980-12-05,Male"
"Betty,Scott,1963-03-29,Female"
"Brian,Green,2008-10-16,Male"
"Dorothy,Adams,1959-07-08,Female"
"Kevin,Baker,1991-06-18,Male"
"Sandra,Nelson,1979-01-31,Female"
"George,Carter,1984-08-22,Male"
"Donna,Mitchell,1997-12-04,Female"
"Edward,Perez,2004-03-14,Male"
"Carol,Roberts,1966-11-26,Female"
"Ronald,Turner,1971-09-01,Male"
"Ruth,Phillips,1986-05-13,Female"
"Jason,Campbell,2000-02-27,Male"
"Sharon,Parker,1973-10-15,Female"
"Jeffrey,Evans,1995-07-20,Male"
"Michelle,Edwards,1983-04-18,Female"
"Ryan,Collins,2012-01-01,Male"
"l,Smith,1968-10-24,Male"
"Christopher,Williams,1990-03-15,Male"
"Jessica,Brown,1985-12-01,Female"
"Matthew,Jones,2001-07-22,Male"
"Ashley,Garcia,1995-05-30,Female"
"Jennifer,Miller,1972-01-18,Female"
"Joshua,Davis,1988-09-05,Male"
"David,Rodriguez,1999-11-11,Male"
"Amanda,Martinez,1983-06-25,Female"
"James,Hernandez,1976-04-12,Male"
"Robert,Lopez,1992-02-28,Male"
"John,Gonzalez,2005-08-17,Male"
"Mary,Wilson,1965-10-03,Female"
"Patricia,Anderson,1994-01-09,Female"
"Linda,Thomas,1981-07-07,Female"
"Barbara,Taylor,1977-03-21,Female"
"Elizabeth,Moore,1998-06-14,Female"
"Daniel,Jackson,1989-12-30,Male"
"Paul,Martin,1970-02-19,Male"
"Mark,Lee,2010-04-05,Male"
"Richard,Johnson,1955-06-12,Male"
"Susan,Clark,1982-11-09,Female"
"Joseph,Lewis,2002-01-28,Male"
"Karen,Walker,1969-08-14,Female"
"Charles,Hall,1993-04-02,Male"
"Nancy,Allen,1987-09-19,Female"
"Thomas,Young,1974-05-23,Male"
"Lisa,King,1996-02-11,Female"
"Steven,Wright,1980-12-05,Male"
"Betty,Scott,1963-03-29,Female"
"Brian,Green,2008-10-16,Male"
"Dorothy,Adams,1959-07-08,Female"
"Kevin,Baker,1991-06-18,Male"
"Sandra,Nelson,1979-01-31,Female"
"George,Carter,1984-08-22,Male"
"Donna,Mitchell,1997-12-04,Female"
"Edward,Perez,2004-03-14,Male"
"Carol,Roberts,1966-11-26,Female"
"Ronald,Turner,1971-09-01,Male"
"Ruth,Phillips,1986-05-13,Female"
"Jason,Campbell,2000-02-27,Male"
"Sharon,Parker,1973-10-15,Female"
"Jeffrey,Evans,1995-07-20,Male"
"Michelle,Edwards,1983-04-18,Female"
"Ryan,Collins,2012-01-01,Male"
"l,Smith,1968-10-24,Male"
"Christopher,Williams,1990-03-15,Male"
"Jessica,Brown,1985-12-01,Female"
"Matthew,Jones,2001-07-22,Male"
"Ashley,Garcia,1995-05-30,Female"
"Jennifer,Miller,1972-01-18,Female"
"Joshua,Davis,1988-09-05,Male"
"David,Rodriguez,1999-11-11,Male"
"Amanda,Martinez,1983-06-25,Female"
"James,Hernandez,1976-04-12,Male"
"Robert,Lopez,1992-02-28,Male"
"John,Gonzalez,2005-08-17,Male"
"Mary,Wilson,1965-10-03,Female"
"Patricia,Anderson,1994-01-09,Female"
"Linda,Thomas,1981-07-07,Female"
"Barbara,Taylor,1977-03-21,Female"
"Elizabeth,Moore,1998-06-14,Female"
"Daniel,Jackson,1989-12-30,Male"
"Paul,Martin,1970-02-19,Male"
"Mark,Lee,2010-04-05,Male"
"Richard,Johnson,1955-06-12,Male"
"Susan,Clark,1982-11-09,Female"
"Joseph,Lewis,2002-01-28,Male"
"Karen,Walker,1969-08-14,Female"
"Charles,Hall,1993-04-02,Male"
"Nancy,Allen,1987-09-19,Female"
"Thomas,Young,1974-05-23,Male"
"Lisa,King,1996-02-11,Female"
"Steven,Wright,1980-12-05,Male"
"Betty,Scott,1963-03-29,Female"
"Brian,Green,2008-10-16,Male"
"Dorothy,Adams,1959-07-08,Female"
"Kevin,Baker,1991-06-18,Male"
"Sandra,Nelson,1979-01-31,Female"
"George,Carter,1984-08-22,Male"
"Donna,Mitchell,1997-12-04,Female"
"Edward,Perez,2004-03-14,Male"
"Carol,Roberts,1966-11-26,Female"
"Ronald,Turner,1971-09-01,Male"
"Ruth,Phillips,1986-05-13,Female"
"Jason,Campbell,2000-02-27,Male"
"Sharon,Parker,1973-10-15,Female"
"Jeffrey,Evans,1995-07-20,Male"
"Michelle,Edwards,1983-04-18,Female"
"Ryan,Collins,2012-01-01,Male"
"l,Smith,1968-10-24,Male"
"Christopher,Williams,1990-03-15,Male"
"Jessica,Brown,1985-12-01,Female"
"Matthew,Jones,2001-07-22,Male"
"Ashley,Garcia,1995-05-30,Female"
"Jennifer,Miller,1972-01-18,Female"
"Joshua,Davis,1988-09-05,Male"
"David,Rodriguez,1999-11-11,Male"
"Amanda,Martinez,1983-06-25,Female"
"James,Hernandez,1976-04-12,Male"
"Robert,Lopez,1992-02-28,Male"
"John,Gonzalez,2005-08-17,Male"
"Mary,Wilson,1965-10-03,Female"
"Patricia,Anderson,1994-01-09,Female"
"Linda,Thomas,1981-07-07,Female"
"Barbara,Taylor,1977-03-21,Female"
"Elizabeth,Moore,1998-06-14,Female"
"Daniel,Jackson,1989-12-30,Male"
"Paul,Martin,1970-02-19,Male"
"Mark,Lee,2010-04-05,Male"
"Richard,Johnson,1955-06-12,Male"
"Susan,Clark,1982-11-09,Female"
"Joseph,Lewis,2002-01-28,Male"
"Karen,Walker,1969-08-14,Female"
"Charles,Hall,1993-04-02,Male"
"Nancy,Allen,1987-09-19,Female"
"Thomas,Young,1974-05-23,Male"
"Lisa,King,1996-02-11,Female"
"Steven,Wright,1980-12-05,Male"
"Betty,Scott,1963-03-29,Female"
"Brian,Green,2008-10-16,Male"
"Dorothy,Adams,1959-07-08,Female"
"Kevin,Baker,1991-06-18,Male"
"Sandra,Nelson,1979-01-31,Female"
"George,Carter,1984-08-22,Male"
"Donna,Mitchell,1997-12-04,Female"
"Edward,Perez,2004-03-14,Male"
"Carol,Roberts,1966-11-26,Female"
"Ronald,Turner,1971-09-01,Male"
"Ruth,Phillips,1986-05-13,Female"
"Jason,Campbell,2000-02-27,Male"
"Sharon,Parker,1973-10-15,Female"
"Jeffrey,Evans,1995-07-20,Male"
"Michelle,Edwards,1983-04-18,Female"
"Ryan,Collins,2012-01-01,Male"
"l,Smith,1968-10-24,Male"
"Christopher,Williams,1990-03-15,Male"
"Jessica,Brown,1985-12-01,Female"
"Matthew,Jones,2001-07-22,Male"
"Ashley,Garcia,1995-05-30,Female"
"Jennifer,Miller,1972-01-18,Female"
"Joshua,Davis,1988-09-05,Male"
"David,Rodriguez,1999-11-11,Male"
"Amanda,Martinez,1983-06-25,Female"
"James,Hernandez,1976-04-12,Male"
"Robert,Lopez,1992-02-28,Male"
"John,Gonzalez,2005-08-17,Male"
"Mary,Wilson,1965-10-03,Female"
"Patricia,Anderson,1994-01-09,Female"
"Linda,Thomas,1981-07-07,Female"
"Barbara,Taylor,1977-03-21,Female"
"Elizabeth,Moore,1998-06-14,Female"
"Daniel,Jackson,1989-12-30,Male"
"Paul,Martin,1970-02-19,Male"
"Mark,Lee,2010-04-05,Male"
"Richard,Johnson,1955-06-12,Male"
"Susan,Clark,1982-11-09,Female"
"Joseph,Lewis,2002-01-28,Male"
"Karen,Walker,1969-08-14,Female"
"Charles,Hall,1993-04-02,Male"
"Nancy,Allen,1987-09-19,Female"
"Thomas,Young,1974-05-23,Male"
"Lisa,King,1996-02-11,Female"
"Steven,Wright,1980-12-05,Male"
"Betty,Scott,1963-03-29,Female"
"Brian,Green,2008-10-16,Male"
"Dorothy,Adams,1959-07-08,Female"
"Kevin,Baker,1991-06-18,Male"
"Sandra,Nelson,1979-01-31,Female"
"George,Carter,1984-08-22,Male"
"Donna,Mitchell,1997-12-04,Female"
"Edward,Perez,2004-03-14,Male"
"Carol,Roberts,1966-11-26,Female"
"Ronald,Turner,1971-09-01,Male"
"Ruth,Phillips,1986-05-13,Female"
"Jason,Campbell,2000-02-27,Male"
"Sharon,Parker,1973-10-15,Female"
"Jeffrey,Evans,1995-07-20,Male"
"Michelle,Edwards,1983-04-18,Female"
"Ryan,Collins,2012-01-01,Male"
"l,Smith,1968-10-24,Male"
"Christopher,Williams,1990-03-15,Male"
"Jessica,Brown,1985-12-01,Female"
"Matthew,Jones,2001-07-22,Male"
"Ashley,Garcia,1995-05-30,Female"
"Jennifer,Miller,1972-01-18,Female"
"Joshua,Davis,1988-09-05,Male"
"David,Rodriguez,1999-11-11,Male"
"Amanda,Martinez,1983-06-25,Female"
"James,Hernandez,1976-04-12,Male"
"Robert,Lopez,1992-02-28,Male"
"John,Gonzalez,2005-08-17,Male"
"Mary,Wilson,1965-10-03,Female"
"Patricia,Anderson,1994-01-09,Female"
"Linda,Thomas,1981-07-07,Female"
"Barbara,Taylor,1977-03-21,Female"
"Elizabeth,Moore,1998-06-14,Female"
"Daniel,Jackson,1989-12-30,Male"
"Paul,Martin,1970-02-19,Male"
"Mark,Lee,2010-04-05,Male"
"Richard,Johnson,1955-06-12,Male"
"Susan,Clark,1982-11-09,Female"
"Joseph,Lewis,2002-01-28,Male"
"Karen,Walker,1969-08-14,Female"
"Charles,Hall,1993-04-02,Male"
"Nancy,Allen,1987-09-19,Female"
"Thomas,Young,1974-05-23,Male"
"Lisa,King,1996-02-11,Female"
"Steven,Wright,1980-12-05,Male"
"Betty,Scott,1963-03-29,Female"
"Brian,Green,2008-10-16,Male"
"Dorothy,Adams,1959-07-08,Female"
"Kevin,Baker,1991-06-18,Male"
"Sandra,Nelson,1979-01-31,Female"
"George,Carter,1984-08-22,Male"
"Donna,Mitchell,1997-12-04,Female"
"Edward,Perez,2004-03-14,Male"
"Carol,Roberts,1966-11-26,Female"
"Ronald,Turner,1971-09-01,Male"
"Ruth,Phillips,1986-05-13,Female"
"Jason,Campbell,2000-02-27,Male"
"Sharon,Parker,1973-10-15,Female"
"Jeffrey,Evans,1995-07-20,Male"
"Michelle,Edwards,1983-04-18,Female"
"Ryan,Collins,2012-01-01,Male"
